name,body,transmission,fuel
"Toyota Supra3.0 Turbo Inline-6 AT (Prominence Red)

P4,990,000",Coupe,Automatic,Gasoline
"Toyota Supra3.0 Turbo Inline-6 AT (other color)

P5,050,000",Coupe,Automatic,Gasoline
"Toyota Supra3.0 Turbo Inline-6 AT (Matte Storm Gray)

P5,090,000",Coupe,Automatic,Gasoline
"BMW Z4sDrive20i

P3,990,000",Convertible,Automatic,Gasoline
"BMW Z4M40i

P5,790,000",Convertible,Automatic,Gasoline
"Ford Ranger2.2 XLS 4x2 MT

P1,032,000",Pickup,Manual,Diesel
"Ford Ranger2.2 XLS 4x4 MT

P1,181,000",Pickup,Manual,Diesel
"Ford Ranger2.2 XLT 4x2 AT

P1,236,000",Pickup,Automatic,Diesel
"Ford Ranger2.2 XLT 4x2 MT

P1,176,000",Pickup,Manual,Diesel
"Ford Ranger2.2 XLS 4x2 AT

P1,092,000",Pickup,Automatic,Diesel
"Ford Ranger2.0 Wildtrak 4X2 MT

P1,390,000",Pickup,Manual,Diesel
"Ford Ranger2.0 Wildtrak 4X2 AT

P1,455,000",Pickup,Automatic,Diesel
"Ford Ranger2.0 Biturbo Wildtrak 4X4 AT

P1,695,000",Pickup,Automatic,Diesel
"Ford Ranger2.2 XLS Sport 4x2 MT

P1,062,000",Pickup,Manual,Diesel
"Ford Ranger2.2 XLS Sport 4x4 MT

P1,211,000",Pickup,Manual,Diesel
"Honda Brio1.2 RS Black Top

P732,000 Promo Available",Wagon/Hatchback,Automatic,Gasoline
"Honda Brio1.2 RS CVT

P737,000 Promo Available",Wagon/Hatchback,Automatic,Gasoline
"Honda Brio1.2 S MT

P598,000 Promo Available",Wagon/Hatchback,Manual,Gasoline
"Honda Brio1.2 V CVT

P658,000 Promo Available",Wagon/Hatchback,Automatic,Gasoline
"Land Rover Range Rover EvoqueSD4 SE

Ask price",SUV,Automatic,Diesel
"Land Rover Range Rover EvoqueSi4 Se

Ask price",SUV,Automatic,Gasoline
"Land Rover Range Rover EvoqueSi4 HSE

Ask price",SUV,Automatic,Diesel
"Land Rover Range Rover EvoqueSD4 HSE

Ask price",SUV,Automatic,Diesel
"Ssangyong Rexton2.2L 4X2 AT

P1,730,000",SUV,Automatic,Diesel
"Ssangyong RextonRexton 2.2L 4x4 AT

P2,230,000",SUV,Automatic,Diesel
"Honda BR-V1.5 S CVT

P1,035,000 Promo Available",SUV,Automatic,Gasoline
"Honda BR-V1.5 V Navi CVT

P1,155,000 Promo Available",SUV,Automatic,Gasoline
"Ssangyong Tivoli1.6 Sport AT

P1,130,000",SUV,Automatic,Gasoline
"Ssangyong Tivoli1.6 Sport R AT

P1,080,000",SUV,Automatic,Gasoline
"Ssangyong Tivoli1.6 Premium Sport AT

P1,160,000",SUV,Automatic,Gasoline
"Ssangyong TivoliXLV 1.6 EXD 4x2 AT

P1,170,000",SUV,Automatic,Diesel
"Ssangyong TivoliXLV 1.6 ELX 4x4 AT

P1,245,000",SUV,Automatic,Diesel
"Maxus G10G10

P1,680,000",MPV,Automatic,Diesel
"Maxus V80V80 Comfort

P1,570,000",Van,Manual,Diesel
"Maxus V80V80 Transport

P1,288,000",Van,Manual,Diesel
"Maxus V80V80 Flex

P1,190,000",Van,Manual,Diesel
"Toyota Avanza1.3 J MT

P731,000",MPV,Manual,Gasoline
"Toyota Avanza1.3 E MT

P864,000",MPV,Manual,Gasoline
"Toyota Avanza1.3 E AT

P907,000",MPV,Automatic,Gasoline
"Toyota Avanza1.5 G AT

P1,000,000 Promo Available",MPV,Automatic,Gasoline
"Toyota Avanza1.5 G MT

P957,000",MPV,Manual,Gasoline
"Toyota Avanza1.5 Veloz

P1,065,000",MPV,Automatic,Gasoline
"Alfa Romeo Stelvio2.2 Turbo

Ask price",SUV,Automatic,Diesel
"GAC GS4GS4 1.5 AT

P1,188,000",SUV,Automatic,Gasoline
"Kia Forte1.6 Turbo GT AT

P1,650,000",Sedan,Automatic,Gasoline
"Kia Forte1.6 EX AT

P1,195,000",Sedan,Automatic,Gasoline
"Kia Forte1.6 LX AT

P1,095,000 Promo Available",Sedan,Automatic,Gasoline
"MG MG6AT Alpha

P1,068,888",Sedan,Dual Clutch,Gasoline
"MG MG6MG 6 Trophy AT

P1,188,888",Sedan,Dual Clutch,Gasoline
"Jeep Wrangler2.0 Sport

P3,390,000",SUV,Automatic,Gasoline
"Jeep Wrangler2.0 Unlimited Sport

P3,590,000",SUV,Automatic,Gasoline
"BMW X5xDrive30d

P5,990,000",SUV,Automatic,Diesel
"BMW X5XDrive25d

P5,590,000",SUV,Automatic,Diesel
"BMW X5Drive30d M Sport

P7,890,000",SUV,Automatic,Diesel
"Suzuki JimnyGL MT

P975,000",SUV,Manual,Gasoline
"Suzuki JimnyGL AT

P1,035,000",SUV,Automatic,Gasoline
"Suzuki JimnyGLX AT (Monotone)

P1,085,000",SUV,Automatic,Gasoline
"Suzuki JimnyGLX AT (Two-Tone)

P1,095,000",SUV,Automatic,Gasoline
"Ford Ranger Raptor2.0 Biturbo 4X4 AT

P1,998,000",Pickup,Automatic,Diesel
"Toyota Hiace2.8 Commuter Deluxe MT

P1,605,000",Van,Manual,Diesel
"Toyota Hiace2.8 GL Grandia MT

P1,988,000",Van,Manual,Diesel
"Toyota Hiace2.8 GL Grandia MT Luxury Pearl Toning

P2,003,000",Van,Manual,Diesel
"Toyota Hiace2.8 GL Grandia AT

P2,063,000",Van,Automatic,Diesel
"Toyota Hiace2.8 GL Grandia AT Luxury Pearl Toning

P2,078,000",Van,Automatic,Diesel
"Toyota Hiace2.8 GL Grandia Tourer MT

P2,160,000",Van,Manual,Diesel
"Toyota Hiace2.8 GL Grandia Tourer MT Luxury Pearl Toning

P2,175,000",Van,Manual,Diesel
"Toyota Hiace2.8 GL Grandia Tourer AT

P2,235,000",Van,Automatic,Diesel
"Toyota Hiace2.8 GL Grandia Tourer AT Luxury Pearl

P2,250,000",Van,Automatic,Diesel
"Toyota RAV42.5 LE AT

P1,653,000",SUV,Automatic,Gasoline
"Toyota RAV42.5 XLE AT

P1,885,000",SUV,Automatic,Gasoline
"Toyota RAV42.5 LTD AT

P2,203,000",SUV,Automatic,Gasoline
"Ssangyong Musso2.2 4x2 AT

P1,495,000",Pickup,Automatic,Diesel
"Hyundai Reina1.4 GL MT

P638,000",Sedan,Manual,Gasoline
"Hyundai Reina1.4 GL AT

P688,000",Sedan,Automatic,Gasoline
"Kia Soluto1.4 LX MT

P625,000 Promo Available",Sedan,Manual,Gasoline
"Kia Soluto1.4 LX AT

P675,000",Sedan,Automatic,Gasoline
"Kia Soluto1.4 EX MT

P685,000",Sedan,Manual,Gasoline
"Kia Soluto1.4 EX AT

P735,000",Sedan,Automatic,Gasoline
"Subaru Forester2.0i-L CVT

P1,348,000 Promo Available",SUV,Automatic,Gasoline
"Subaru Forester2.0i-P CVT

P1,598,000 Promo Available",SUV,Automatic,Gasoline
"Subaru Forester2.0XT CVT

P1,868,000 Promo Available",SUV,Automatic,Gasoline
"Subaru Forester2.0i-L non-EyeSight

P1,598,000 Promo Available",SUV,Automatic,Gasoline
"Subaru Forester2.0i-L EyeSight

P1,698,000 Promo Available",SUV,Automatic,Gasoline
"Subaru Forester2.0i-S EyeSight

P1,798,000 Promo Available",SUV,Automatic,Gasoline
"Suzuki ErtigaGA 1.5 MT

P728,000",MPV,Manual,Gasoline
"Suzuki ErtigaGL 1.5 MT

P848,000",MPV,Manual,Gasoline
"Suzuki ErtigaGL 1.5 AT

P888,000",MPV,Automatic,Gasoline
"Suzuki ErtigaGLX 1.5 AT

P978,000",MPV,Automatic,Gasoline
"Toyota Camry2.5 G AT

P1,821,000",Sedan,Automatic,Gasoline
"Toyota Camry2.5 G AT White Pearl

P1,836,000",Sedan,Automatic,Gasoline
"Toyota Camry2.5 V AT

P2,007,000",Sedan,Automatic,Gasoline
"Toyota Camry2.5 V AT White Pearl

P2,022,000",Sedan,Automatic,Gasoline
"Lexus RCRC 350 V6

P3,898,000",Coupe,Automatic,Gasoline
"Lexus RCRC F

P5,708,000",Coupe,Automatic,Gasoline
"Lexus RCRC F V8 Carbon Package

P5,968,000",Coupe,Automatic,Gasoline
"Hyundai Accent1.4 GL MT (w/o Airbags)

P790,000",Sedan,Manual,Gasoline
"Hyundai Accent1.4 GL MT (w/ Airbags)

P838,000",Sedan,Manual,Gasoline
"Hyundai Accent1.4 GL AT (w/o Airbags)

P838,000",Sedan,Automatic,Gasoline
"Hyundai Accent1.4 GL AT (w/ Airbags)

P890,000",Sedan,Automatic,Gasoline
"Hyundai Accent1.6 CRDi MT

P910,000",Sedan,Manual,Diesel
"Hyundai Accent1.6 CRDi AT

P1,038,000",Sedan,Automatic,Diesel
"Bentley Continental GTGT V8 Coupe

Ask price",Coupe,Automatic,Gasoline
"Bentley Continental GTGT V8 Convertible

Ask price",Convertible,Automatic,Gasoline
"Bentley Continental GTGT V8 S Convertible

Ask price",Convertible,Automatic,Gasoline
"Bentley Continental GTGT Speed Coupe

Ask price",Coupe,Automatic,Gasoline
"Bentley Continental GTGT Coupe

Ask price",Coupe,Automatic,Gasoline
"Bentley Continental GTGT Convertible

Ask price",Convertible,Automatic,Gasoline
"Bentley Continental GTGT Speed Convertible

Ask price",Convertible,Automatic,Gasoline
"Bentley Continental GTGT V8 S Coupe

Ask price",Coupe,Automatic,Gasoline
"Lexus UX200

P2,478,000",SUV,Automatic,Gasoline
"Lexus UX200 F Sport

P3,048,000",SUV,Automatic,Gasoline
"Mercedes-Benz A-Class180 Progressive

P2,490,000 Promo Available",Wagon/Hatchback,Automatic,Gasoline
"Mercedes-Benz A-Class200 Progressive

P2,990,000 Promo Available",Wagon/Hatchback,Automatic,Gasoline
"Mercedes-Benz A-Class200 Edition

P3,290,000 Promo Available",Wagon/Hatchback,Automatic,Gasoline
"Mitsubishi Strada2.5 GLX 4x2 MT

P1,165,000 Promo Available",Pickup,Manual,Diesel
"Mitsubishi Strada2.4 GLS 4x2 MT

P1,225,000 Promo Available",Pickup,Manual,Diesel
"Mitsubishi Strada2.4 GLS 4x2 AT

P1,300,000 Promo Available",Pickup,Automatic,Diesel
"Mitsubishi Strada2.4 GLS 4x4 MT

P1,445,000 Promo Available",Pickup,Manual,Diesel
"Mitsubishi StradaGT 4x4 AT

P1,670,000 Promo Available",Pickup,Automatic,Diesel
"Aston Martin VantageV8 S Coupe AT

Ask price",Coupe,Automatic,Gasoline
"Aston Martin VantageV8 S Coupe N430

Ask price",Coupe,Automatic,Gasoline
"Aston Martin VantageV12 S Coupe

Ask price",Coupe,Automatic,Gasoline
"GAC GA4GA4 1.5 MT

P788,000",Sedan,Manual,Gasoline
"GAC GA4GA4 1.3 Turbo AT

P988,000",Sedan,Automatic,Gasoline
"GAC GM8GM8 2.0 AT

P2,880,000",Van,Automatic,Gasoline
"GAC GA82.0 GE AT

P1,988,000",Sedan,Automatic,Gasoline
"GAC GA8GA8 2.0 GL AT

P2,288,000",Sedan,Automatic,Gasoline
"GAC GS82.0 4x2 GE

P1,880,000",SUV,Automatic,Gasoline
"GAC GS82.0 4x2 GL

P2,188,000",SUV,Automatic,Gasoline
"GAC GS82.0 4x4 GL

P2,388,000",SUV,Automatic,Gasoline
"Alfa Romeo GiuliaQuadrofoglio

Ask price",Sedan,Automatic,Gasoline
"Alfa Romeo GiuliaSuper

Ask price",Sedan,Automatic,Gasoline
"MG RX5RX5 Core MT

P1,058,888",SUV,Manual,Gasoline
"MG RX5RX5 Style AT

P1,228,888",SUV,Automatic,Gasoline
"Hyundai Tucson2.0 GL 4x2 AT

P1,448,000",SUV,Automatic,Gasoline
"Hyundai Tucson2.0 CRDi GL 4x2 AT

P1,715,000",SUV,Automatic,Gasoline
"Hyundai Tucson2.0 GL 4x2 MT

P1,368,000",SUV,Manual,Gasoline
"Hyundai Tucson2.0 CRDi GLS 4x2 AT

P1,885,000",SUV,Automatic,Diesel
"Mazda MX-5RF 2.0 AT

P2,250,000",Convertible,Automatic,Gasoline
"Mazda MX-5RF 2.0 MT

P2,200,000",Convertible,Manual,Gasoline
"Mazda MX-5RF 2.0 AT with Nappa Leather Interior

P2,300,000",Convertible,Automatic,Gasoline
"Mazda MX-5RF 2.0 AT with Nappa Leather Interior (Machine Gray)

P2,316,800",Convertible,Automatic,Gasoline
"Mazda MX-52.0 SkyActiv MT

P1,930,000",Convertible,Manual,Gasoline
"Mazda MX-52.0 SkyActiv AT

P2,160,000",Convertible,Automatic,Gasoline
"Mazda MX-52.0 SkyActiv AT Cherry Soft Top with Nappa Leather

P2,160,000",Convertible,Automatic,Gasoline
"Mazda MX-52.0 SkyActiv Cherry Soft Top AT

P2,240,000",Coupe,Automatic,Gasoline
"Mazda MX-52.0 SkyActiv Caramel Soft Top AT

P2,240,000",Coupe,Automatic,Gasoline
"Mazda MX-5RF 2.0 Club Edition AT

P2,680,000",Coupe,Automatic,Gasoline
"Mazda MX-5SKYACTIV DRIVE 6-Speed Automatic 30th Anniversary Edition

P2,990,000",Convertible,Automatic,Gasoline
"Mazda MX-5SKYACTIV DRIVE 6-Speed Manual 30th Anniversary Edition

P2,990,000",Convertible,Manual,Gasoline
"Ford Explorer2.3 Limited EcoBoost 4x2 AT

P2,798,000 Promo Available",SUV,Automatic,Gasoline
"Ford Explorer3.5 Sport V6 EcoBoost 4x4 AT

P3,178,000 Promo Available",SUV,Automatic,Gasoline
"Chevrolet Colorado2.5 4x2 MT LT

P1,248,888 Promo Available",Pickup,Manual,Diesel
"Chevrolet Colorado2.8 4x2 AT LT

P1,264,888 Promo Available",Pickup,Automatic,Diesel
"Chevrolet Colorado2.8 4x4 LTZ AT

P1,571,888 Promo Available",Pickup,Automatic,Diesel
"Chevrolet Colorado2.8 4x4 LTZ MT

P1,539,888 Promo Available",Pickup,Manual,Diesel
"Chevrolet Colorado2.8 4x2 LTX AT

P1,418,888 Promo Available",Pickup,Automatic,Diesel
"Chevrolet Colorado2.8 4x4 AT High Country Storm

P1,638,888 Promo Available",Pickup,Automatic,Diesel
"Subaru Levorg2.0 GT-S CVT with EyeSight

P1,998,000 Promo Available",Wagon/Hatchback,Automatic,Gasoline
"Ford EcoSport1.5 Ambiente MT

P920,000",SUV,Manual,Gasoline
"Ford EcoSport1.5 Trend MT

P970,000 Promo Available",SUV,Manual,Gasoline
"Ford EcoSport1.5 Trend AT

P1,030,000 Promo Available",SUV,Automatic,Gasoline
"Ford EcoSport1.0 EcoBoost Titanium AT

P1,190,000",SUV,Automatic,Gasoline
"Ford EcoSport1.5 Titanium AT

P1,100,000",SUV,Automatic,Gasoline
"Honda HR-V1.8 E CVT

P1,295,000 Promo Available",SUV,Automatic,Gasoline
"Honda HR-V1.8 RS Navi CVT

P1,495,000 Promo Available",SUV,Automatic,Gasoline
"Jeep Renegade1.4 Limited F

P2,190,000",SUV,Automatic,Gasoline
"Lexus ES350

P4,388,000",Sedan,Automatic,Gasoline
"Hyundai Santa Fe / Grand Santa Fe2.2 CRDi GLS 4x2 AT

P2,538,000",SUV,Automatic,Diesel
"BMW 1 SeriesHatchback 118i M Sport

P2,690,000",Wagon/Hatchback,Automatic,Gasoline
"Toyota Vios1.3 Base MT

P662,000 Promo Available",Sedan,Manual,Gasoline
"Toyota Vios1.3 J MT

P688,000 Promo Available",Sedan,Manual,Gasoline
"Toyota Vios1.3 E MT

P831,000 Promo Available",Sedan,Manual,Gasoline
"Toyota Vios1.3 E CVT

P881,000 Promo Available",Sedan,Automatic,Gasoline
"Toyota Vios1.5 G MT

P981,000 Promo Available",Sedan,Manual,Gasoline
"Toyota Vios1.5 G MT White Pearl

P996,000 Promo Available",Sedan,Manual,Gasoline
"Toyota Vios1.5 G CVT

P1,043,000 Promo Available",Sedan,Automatic,Gasoline
"Toyota Vios1.5 G CVT (White Pearl)

P1,058,000 Promo Available",Sedan,Automatic,Gasoline
"Toyota Vios1.3 E Prime CVT

P936,000 Promo Available",Sedan,Automatic,Gasoline
"Toyota Vios1.3 E Prime MT

P886,000 Promo Available",Sedan,Manual,Gasoline
"Toyota Vios1.5 G Prime CVT

P1,098,000 Promo Available",Sedan,Automatic,Gasoline
"Toyota Vios1.5 G Prime CVT (White Pearl)

P1,113,000 Promo Available",Sedan,Automatic,Gasoline
"Toyota Vios1.3 XE

P738,000 Promo Available",Sedan,Automatic,Gasoline
"BMW M5M xDrive

P14,790,000",Sedan,Automatic,Gasoline
"Hyundai Starex / Grand StarexGrand Starex 2.5 CRDi GLS AT (with Swivel)

P2,225,000",Van,Automatic,Diesel
"Hyundai Starex / Grand StarexGrand Starex 2.5 CRDi GLS 5 A/T (Dsl)

P2,328,000",Van,Automatic,Diesel
"Hyundai Starex / Grand Starex2.5 GL 5 M/T (Dsl)

P1,395,000",Van,Manual,Diesel
"Hyundai Starex / Grand Starex2.5 CRDi GLS 5AT (Urban)

P2,938,000",,Automatic,Diesel
"Peugeot 50081.6 THP

P3,190,000",SUV,Automatic,Gasoline
"Suzuki Swift1.2 GL MT

P755,000",Wagon/Hatchback,Manual,Gasoline
"Suzuki Swift1.2 GL CVT

P799,000",Wagon/Hatchback,Automatic,Gasoline
"Suzuki Swift1.2 GLX CVT

P899,000",Wagon/Hatchback,Automatic,Gasoline
"Suzuki Swift DzireGL

P638,000",Sedan,Manual,Gasoline
"Suzuki Swift DzireGL+

P698,000",Sedan,Automatic,Gasoline
"Volvo S60D4 M/T

Ask price",Sedan,Manual,Diesel
"Volvo S60D4 A/T

Ask price",Sedan,Automatic,Diesel
"Volvo S60T4 M/T

Ask price",Sedan,Manual,Gasoline
"Volvo S60T4 A/T

Ask price",Sedan,Automatic,Diesel
"Volvo S60T6 A/T

Ask price",Sedan,Automatic,Diesel
"Audi A11.4 TFSI 3Dr

Ask price",Wagon/Hatchback,Automatic,Gasoline
"Audi A11.4L TFSI Sportback

Ask price",Wagon/Hatchback,Automatic,Gasoline
"Mazda CX-92.5 Sport Touring FWD

P2,380,000",SUV,Automatic,Gasoline
"Mazda CX-92.5 Signature AWD

P2,950,000",SUV,Automatic,Gasoline
"Ferrari GTC4Lusso6.3 V12

Ask price",Coupe,Automatic,Gasoline
"BYD e6EV

P4,200,000",Wagon/Hatchback,Automatic,Electric
"Nissan Terra2.5 4x2 EL MT

P1,504,000",SUV,Manual,Diesel
"Nissan Terra2.5 4x2 EL AT

P1,620,000",SUV,Automatic,Diesel
"Nissan Terra2.5 4x2 VE AT

P1,707,000",SUV,Automatic,Diesel
"Nissan Terra2.5 4x2 VL AT

P1,909,000",SUV,Automatic,Diesel
"Nissan Terra2.5 4x4 VL AT

P2,106,000",SUV,Automatic,Diesel
"Mitsubishi XpanderGLS Sport A/T

P1,175,000",MPV,Automatic,Gasoline
"Mitsubishi XpanderGLX M/T

P999,000",MPV,Manual,Gasoline
"Mitsubishi XpanderGLX Plus A/T

P1,075,000",MPV,Automatic,Gasoline
"Mitsubishi XpanderGLS A/T

P1,110,000",MPV,Automatic,Gasoline
"Foton TransvanTransvan 2.8L (13-seater)

P1,118,000 Promo Available",Van,Manual,Diesel
"Foton TransvanTransvan HR 2.8L (16-seater)

P1,208,000 Promo Available",Van,Manual,Diesel
"Foton TransvanTransvan 2.8L (15-seater)

P1,118,000 Promo Available",Van,Manual,Diesel
"Toyota Rush1.5 E MT

P968,000",SUV,Manual,Gasoline
"Toyota Rush1.5 G AT

P1,100,000",SUV,Automatic,Gasoline
"Toyota Rush1.5 E AT

P1,008,000",SUV,Automatic,Gasoline
"BMW X2xDrive20d M Sport X

P4,390,000",SUV,Automatic,Diesel
"Ford Mustang2.3 EcoBoost Premium AT

P2,838,000",Coupe,Automatic,Gasoline
"Ford Mustang5.0 V8 GT Premium AT

P3,518,000",Coupe,Automatic,Gasoline
"Ford Mustang5.0 V8 GT Premium MT Convertible

P3,618,000",Convertible,Manual,Gasoline
"Ford Mustang5.0 V8 GT Premium AT Convertible

P3,718,000",Convertible,Automatic,Gasoline
"Porsche CayenneV6

Ask price",SUV,Automatic,Gasoline
"Porsche CayenneS

Ask price",SUV,Automatic,Gasoline
"Porsche CayenneTurbo

Ask price",SUV,Automatic,Gasoline
"Porsche CayenneDiesel

Ask price",SUV,Automatic,Diesel
"Ford Expedition3.5 Limited MAX 4WD

P4,258,000",SUV,Automatic,Gasoline
"Ford Expedition3.5 Limited MAX 4WD with Bucket Seats

P4,358,000",SUV,Automatic,Gasoline
"Hyundai VelosterTurbo 1.6 TGDi

P1,798,000",Wagon/Hatchback,,Gasoline
"Subaru Outback2.5 CVT

P2,178,000 Promo Available",SUV,Automatic,Gasoline
"Subaru Outback3.6R-S CVT w eyesight

P2,408,000 Promo Available",SUV,Automatic,Gasoline
"Hyundai Kona2.0 GLS AT

P1,118,000",SUV,Automatic,Gasoline
"Chevrolet Malibu2.0 AT LTZ

P2,131,888",Sedan,Automatic,Gasoline
"Isuzu MU-X2.5 LS 4x2 MT

P1,268,000 Promo Available",SUV,Automatic,Diesel
"Isuzu MU-X2.5 LS-A 4x2 MT

P1,378,000 Promo Available",SUV,Manual,Diesel
"Isuzu MU-XRZ4E LS 4x2 MT Blue Power

P1,300,000 Promo Available",SUV,Manual,Diesel
"Isuzu MU-X1.9 RZ4E LS-A 4x2 MT Blue Power

P1,570,000 Promo Available",SUV,Automatic,Diesel
"Isuzu MU-X3.0 LS-A 4x2 AT Blue Power

P1,795,000 Promo Available",SUV,Automatic,Diesel
"Isuzu MU-X3.0 LS-A 4x2 AT Blue Power Luxe

P1,845,000 Promo Available",SUV,Automatic,Diesel
"Isuzu MU-X3.0 LS-A 4x4 AT Blue Power

P2,145,000 Promo Available",SUV,Automatic,Diesel
"Isuzu MU-X1.9 RZ4E LS-A 4x2 AT Blue Power

P1,595,000 Promo Available",SUV,Automatic,Diesel
"Isuzu MU-XRZ4E LS 4x2 AT Blue Power

P1,300,000 Promo Available",SUV,Automatic,Diesel
"Mitsubishi FUSO CanterFE71 4-Wheeler Cab and Chassis

P1,405,000",Truck,Manual,Diesel
"Mitsubishi FUSO CanterCanter FE84 6-Wheeler Cab and Chassis

P1,561,000",Truck,Manual,Diesel
"Mitsubishi FUSO CanterFE85 6-Wheeler Cab and Chassis

P1,660,000",Truck,Manual,Diesel
"BMW X4XDrive20d M Sport

P4,890,000",SUV,Manual,Diesel
"Toyota Hilux2.4 Cab & Chassis 4x2 MT Diesel

P829,000",Pickup,Manual,Diesel
"Toyota Hilux2.4 J 4x2 MT Diesel

P939,000",Pickup,Manual,Diesel
"Toyota Hilux2.4 E 4x2 MT Diesel

P1,030,000",Pickup,Manual,Diesel
"Toyota Hilux2.4 G 4x2 MT Diesel

P1,204,000",Pickup,Manual,Diesel
"Toyota Hilux2.4 G 4x2 AT Diesel

P1,279,000",Pickup,Automatic,Diesel
"Toyota Hilux2.8 G 4x4 MT Diesel

P1,506,000",Pickup,Manual,Diesel
"Toyota Hilux2.8 G 4x4 AT Diesel

P1,636,000",Pickup,Automatic,Diesel
"Toyota HiluxConquest 2.4 G DSL 4x2 MT

P1,352,000",Pickup,Manual,Diesel
"Toyota HiluxConquest 2.4 G DSL 4x2 AT

P1,427,000",Pickup,Automatic,Diesel
"Toyota HiluxConquest 2.8 G DSL 4x4 MT

P1,662,000 Promo Available",Pickup,Automatic,Diesel
"Toyota HiluxConquest 2.8 G DSL 4x4 AT

P1,792,000",Pickup,Automatic,Diesel
"Toyota Hilux2.4 E DSL 4x4 MT Diesel

P1,186,000",Pickup,Manual,Diesel
"Peugeot Traveller2.0 AT

P3,440,000",Van,Automatic,Diesel
"Nissan Navara4x2 6-Speed MT

P919,000",Pickup,Manual,Diesel
"Nissan Navara4x2 MT Calibre

P979,000",Pickup,Manual,Diesel
"Nissan Navara4x2 EL Calibre MT

P1,079,000",Pickup,Manual,Diesel
"Nissan Navara4x2 EL Calibre AT

P1,139,000",Pickup,Automatic,Diesel
"Nissan Navara4x2 Calibre Sport Edition MT

P1,199,000",Pickup,Manual,Diesel
"Nissan Navara4x2 Calibre Sport Edition AT

P1,259,000",Pickup,Automatic,Diesel
"Nissan Navara4x4 EL MT

P1,239,000",Pickup,Manual,Diesel
"Nissan Navara4x4 VL MT

P1,399,000",Pickup,Manual,Diesel
"Nissan Navara4x4 VL AT

P1,479,000",Pickup,Automatic,Diesel
"Nissan Navara4x4 VL Sport Edition AT

P1,579,000",Pickup,Automatic,Diesel
"Nissan Navara2.5L 4x4 VL 6MT N-Warrior

P1,569,000",Pickup,Manual,Diesel
"Nissan Navara2.5L 4x4 VL 7AT N-Warrior

P1,629,000",Pickup,Automatic,Diesel
"Nissan Navara2.5L 4x2 EL Calibre 6MT N-Warrior

P1,249,000",Pickup,Manual,Diesel
"Nissan Navara2.5L 4x2 EL Calibre 7AT N-Warrior

P1,309,000",Pickup,Automatic,Diesel
"Volvo XC90T6

Ask price",SUV,Automatic,Gasoline
"Volvo XC90D5

Ask price",SUV,Automatic,Diesel
"Volvo XC90D4

Ask price",SUV,Automatic,Diesel
"MG ZSAT Style

P868,888",SUV,Automatic,Gasoline
"MG ZSAT Alpha

P998,000",SUV,Automatic,Gasoline
"MG ZSMT Style

P818,888",SUV,Manual,Gasoline
"Nissan PatrolPatrol Royale 5.6 V8 4x4

P3,839,990",SUV,Automatic,Gasoline
"Isuzu CrosswindSportivo X MT Black Series

P1,310,000",MPV,Manual,Diesel
"Isuzu CrosswindSportivo X AT Black Series

P1,345,000",MPV,Automatic,Diesel
"Isuzu CrosswindSPORTIVO X MT

P1,260,000",MPV,Automatic,Diesel
"Toyota Yaris1.3 E MT

P890,000",Wagon/Hatchback,Manual,Gasoline
"Toyota Yaris1.3 E CVT

P942,000",Wagon/Hatchback,Automatic,Gasoline
"Toyota Yaris1.5 S CVT

P1,055,000",Wagon/Hatchback,Automatic,Gasoline
"Hyundai H3502.5 A2 Minibus DLS

P2,688,000",Van,Manual,Diesel
"Hyundai H3502.5 A2 Minibus DLX

P2,728,000",Van,Manual,Diesel
"Honda Odyssey2.4L EX CVT

P2,288,000 Promo Available",Van,Automatic,Gasoline
"Honda OdysseyEX-V Navi

P2,688,000 Promo Available",Van,Automatic,Gasoline
"Lexus NX300

P3,128,000",SUV,Automatic,Gasoline
"Lexus NX300h hybrid

P3,598,000",SUV,Automatic,Hybrid
"Lexus NX300 F Sport

P3,628,000",SUV,Automatic,Gasoline
"Suzuki Vitara / Grand VitaraGL AT

P913,000",SUV,Automatic,Gasoline
"Suzuki Vitara / Grand VitaraGL+ AT

P1,028,000",SUV,Automatic,Gasoline
"Suzuki Vitara / Grand VitaraGLX AT

P1,148,000 Promo Available",SUV,Automatic,Gasoline
"Peugeot 30081.6 GT Line AT

P2,590,000",SUV,Automatic,Gasoline
"Peugeot 30082.0 GT Line Diesel AT

P2,890,000",SUV,Automatic,Diesel
"Peugeot 30082.0 Active Diesel AT

P2,390,000",SUV,Automatic,Diesel
"Lexus LS500h 5-seater

P9,078,000",Sedan,Automatic,Gasoline
"Lexus LS500 5-seater

P9,088,000",Sedan,Automatic,Gasoline
"Lexus LS500h 4-seater

P10,688,000",Sedan,Automatic,Gasoline
"Lexus LS500 4-seater

P10,938,000",Sedan,Automatic,Gasoline
"BMW 2 SeriesGran Tourer 218i

P2,790,000",Coupe,Automatic,Gasoline
"BMW 2 SeriesCoupé M2

P5,590,000",Coupe,Automatic,Gasoline
"Foton ToplanderEL 4x2 AT

P1,388,000",SUV,Automatic,Diesel
"Foton Toplander4x2 AT

P1,488,000",SUV,Automatic,Diesel
"Audi Q52.0 TDI Premium

Ask price",SUV,Automatic,Diesel
"Audi Q52.0 TDI S Line

Ask price",SUV,Automatic,Diesel
"Audi Q52.0 TFSI Premium

Ask price",SUV,Automatic,Gasoline
"Audi Q52.0 TFSI S Line

Ask price",SUV,Automatic,Gasoline
"Audi Q52.0 TDI Design

Ask price",SUV,Automatic,Diesel
"Audi Q52.0 TFSI Design

Ask price",SUV,Automatic,Gasoline
"Volvo XC60T5 8-Speed Geartronic

Ask price",SUV,Automatic,Gasoline
"Volvo XC60D4 8-speed Geartronic

Ask price",SUV,Automatic,Diesel
"Volvo XC60D4 R-Design 8-speed Geartronic

Ask price",SUV,Automatic,Diesel
"Nissan X-Trail2.0 4x2 CVT

P1,534,000",SUV,Automatic,Gasoline
"Nissan X-Trail2.5 4x4 CVT

P1,820,000",SUV,Automatic,Gasoline
"Subaru XVXV 2.0i CVT

P1,418,000 Promo Available",SUV,Automatic,Gasoline
"Subaru XV2.0i-S CVT

P1,618,000 Promo Available",SUV,Automatic,Gasoline
"Subaru XV2.0i-S CVT with EyeSight

P1,668,000 Promo Available",SUV,Automatic,Gasoline
"Mercedes-Benz GLA-ClassAMG 45 4MATIC

P3,090,000 Promo Available",Wagon/Hatchback,Automatic,Gasoline
"Mercedes-Benz GLA-Class180 AT

P2,790,000 Promo Available",Wagon/Hatchback,Automatic,Gasoline
"Lexus LCLC500

P9,708,000",Coupe,Automatic,Gasoline
"Honda CR-V2.0 S CVT

P1,668,000 Promo Available",SUV,Automatic,Gasoline
"Honda CR-V1.6 V Diesel 9AT

P1,868,000 Promo Available",SUV,Automatic,Diesel
"Honda CR-V1.6 S Diesel 9AT

P1,858,000 Promo Available",SUV,Automatic,Diesel
"Honda CR-V1.6 SX Diesel 9AT AWD

P2,138,000 Promo Available",SUV,Automatic,Diesel
"Kia Picanto1.0 LX MT

P590,000 Promo Available",Wagon/Hatchback,Manual,Gasoline
"Kia Picanto1.0 LX AT

P635,000",Wagon/Hatchback,Automatic,Gasoline
"Kia Picanto1.2 EX MT

P700,000",Wagon/Hatchback,Manual,Gasoline
"Kia Picanto1.2 EX AT

P745,000",Wagon/Hatchback,Automatic,Gasoline
"Audi A8L 3.0 TDI Quattro

Ask price",Sedan,Automatic,Diesel
"Audi A8L 3.0 TFSI Quattro

Ask price",Sedan,Automatic,Gasoline
"BAIC FreedomSingle Cab & Chasis Drop Side

P488,000",Truck,Manual,Gasoline
"BAIC FreedomSingle Cab & Chasis Aircon

P518,000",Truck,,
"BAIC MZ40/MZ45MZ40 Cargo

P488,000",Van,Manual,Gasoline
"BAIC MZ40/MZ45MZ40 Luxury

P498,000",Van,Manual,Gasoline
"BAIC MZ40/MZ45MZ45 11-seater Basic Transporter

P598,000",Van,Manual,Gasoline
"Kia Sorento2.2 EX AT 4x2

P1,895,000 Promo Available",MPV,Automatic,Diesel
"Kia Sorento2.2 EX AT 4x4

P2,195,000",Mini,Automatic,Diesel
"Audi Q2Q2 Design

P2,780,000",SUV,Automatic,Gasoline
"Audi Q2Q2 S Line

P3,150,000",SUV,Automatic,Gasoline
"Chevrolet Trax1.4 LS AT

P1,185,888 Promo Available",SUV,Automatic,Gasoline
"Chevrolet Trax1.4 LT AT

P1,535,888 Promo Available",SUV,Automatic,Gasoline
"BMW 5 Series520d Luxury

P4,950,000",Sedan,Automatic,Diesel
"BMW 5 Series520d M Sport

P5,390,000",Sedan,Automatic,Diesel
"BMW 5 Series530d Luxury

P7,390,000",Sedan,Automatic,Diesel
"Lexus CT200h

P2,348,000",Wagon/Hatchback,Automatic,Hybrid
"Lexus CT200h F SPORT

P3,068,000",Wagon/Hatchback,Automatic,Hybrid
"Honda City1.5 E MT

P828,000 Promo Available",Sedan,Manual,Gasoline
"Honda City1.5 E CVT

P876,000 Promo Available",Sedan,Automatic,Gasoline
"Honda City1.5 VX Navi CVT

P985,000 Promo Available",Sedan,Automatic,Gasoline
"Honda City1.5 VX+ Navi CVT

P1,068,000 Promo Available",Sedan,Automatic,Gasoline
"Kia RioHatchback 1.4 LX AT

P920,000",Wagon/Hatchback,Automatic,Gasoline
"Kia RioHatchback 1.4 EX AT

P985,000",Wagon/Hatchback,Automatic,Gasoline
"Honda Jazz1.5 V MT

P868,000 Promo Available",Wagon/Hatchback,Manual,Gasoline
"Honda Jazz1.5 V CVT

P918,000 Promo Available",Wagon/Hatchback,Automatic,Gasoline
"Honda Jazz1.5 VX Navi CVT

P998,000 Promo Available",Wagon/Hatchback,Automatic,Gasoline
"Honda Jazz1.5 RS Navi CVT

P1,088,000 Promo Available",Wagon/Hatchback,Automatic,Gasoline
"MINI Countryman2.0 D AT

P3,250,000",Wagon/Hatchback,Automatic,Diesel
"MINI Countryman2.0 SD AT

P3,700,000",Wagon/Hatchback,Automatic,Diesel
"MINI Countryman2.0 SD ALL4 AT

P3,850,000",Wagon/Hatchback,Automatic,Diesel
"MINI Countryman2.0 JCW AT

P4,550,000",Wagon/Hatchback,Automatic,Diesel
"MINI Countryman2.0 S Pure

P3,250,000",Wagon/Hatchback,Automatic,Gasoline
"MINI Countryman2.0 S Sport

P3,850,000",Wagon/Hatchback,Automatic,Gasoline
"Nissan UrvanCargo MT

P1,158,000",Van,Manual,Diesel
"Nissan UrvanUrvan Shuttle 15-Seater MT

P1,436,000",Van,Manual,Diesel
"Nissan UrvanUrvan 18-Seater MT

P1,449,000",Van,Manual,Diesel
"Nissan UrvanCargo (Special Color)

P1,168,000",Van,Manual,Diesel
"Nissan UrvanShuttle 15-seater (Special Color)

P1,446,000",Van,Manual,Diesel
"Nissan Urvan18-Seater (Special Color)

P1,459,000",Van,Manual,Diesel
"Nissan UrvanPremium MT

P1,776,000",Van,Manual,Diesel
"Nissan UrvanPremium AT

P1,836,000",Van,Automatic,Diesel
"Mazda BT-502.2 4x2 MT

P1,350,000",Pickup,Manual,Diesel
"Mazda BT-502.2 4x2 AT

P1,395,000",Pickup,Automatic,Diesel
"Mazda BT-503.2 4x4 AT

P1,550,000",Pickup,Automatic,Diesel
"Chevrolet Spark1.4 LT MT

P694,888 Promo Available",Wagon/Hatchback,Manual,Gasoline
"Chevrolet Spark1.4 LT CVT

P734,888 Promo Available",Wagon/Hatchback,Automatic,Gasoline
"Chevrolet Spark1.4 LTZ CVT

P859,888 Promo Available",Wagon/Hatchback,Automatic,Gasoline
"Dodge ChallengerSRT

P4,250,000",Coupe,Automatic,Gasoline
"Dodge ChallengerSRT Hellcat

P6,350,000",Coupe,Automatic,Gasoline
"Volkswagen Tiguan1.4 TSI Comfortline DSG

P1,648,000 Promo Available",SUV,Automatic,Gasoline
"Aston Martin DB11Coupe 5.2L V12

Ask price",Coupe,Automatic,Gasoline
"Aston Martin DB11Coupe 4.0L V8

Ask price",Coupe,Automatic,Gasoline
"Isuzu D-MAXLS 4x2 MT X-Series Black Hawk

P1,355,000 Promo Available",Pickup,Manual,Diesel
"Isuzu D-MAXLS 4x2 AT X-Series Freestyle White

P1,420,000 Promo Available",Pickup,Automatic,Diesel
"Isuzu D-MAX3.0 LS 4x4 MT

P1,630,000 Promo Available",Pickup,Manual,Diesel
"Isuzu D-MAX3.0 LS 4x4 AT

P1,700,000 Promo Available",Van,Automatic,Diesel
"Isuzu D-MAXSingle Cab and Chassis Blue Power

P857,000 Promo Available",Pickup,Manual,Diesel
"Isuzu D-MAXLT 4x2 MT

P987,000 Promo Available",Pickup,Manual,Diesel
"Isuzu D-MAXLT 4x4 MT

P1,288,000 Promo Available",Pickup,Manual,Diesel
"Isuzu D-MAX3.0 LS 4x2 AT

P1,390,000 Promo Available",Pickup,Automatic,Diesel
"Isuzu D-MAX3.0 LS 4x2 MT

P1,320,000 Promo Available",Pickup,Manual,Diesel
"Isuzu D-MAXRZ4E LS 4x2 MT

P1,209,000 Promo Available",Pickup,Manual,Diesel
"Isuzu D-MAXRZ4E LS 4x2 AT

P1,279,000 Promo Available",Pickup,Automatic,Diesel
"Isuzu D-MAX3.0L LS 4x2 MT BOONDOCK

P1,390,000 Promo Available",Pickup,Manual,Diesel
"Isuzu D-MAX3.0L LS 4x2 AT BOONDOCK

P1,455,000 Promo Available",Pickup,Automatic,Diesel
"Subaru Impreza2.0i-Sport

P1,458,000",Sedan,Automatic,Gasoline
"Honda Mobilio1.5L E MT

P895,000 Promo Available",MPV,Manual,Gasoline
"Honda Mobilio1.5L RS Navi CVT

P1,085,000 Promo Available",MPV,Automatic,Gasoline
"Honda Mobilio1.5L V AT

P968,000 Promo Available",MPV,Automatic,Gasoline
"Nissan JUKE1.6 Upper CVT

P1,021,000",SUV,Automatic,Gasoline
"BAIC H5 BayanihanClosed Van

P733,000",Truck,Manual,Diesel
"BAIC H5 BayanihanCab & Chassis MT

P638,000",Truck,Manual,Diesel
"BAIC H5 BayanihanPassenger Van single AC

P773,000",Truck,Manual,Diesel
"BAIC H5 BayanihanPassenger Van dual AC

P814,000",Truck,Manual,Diesel
"BAIC H5 BayanihanDropside flatbed

P668,000",Truck,Manual,Diesel
"Haima M31.5 Comfort MT

P579,000",Sedan,Manual,Gasoline
"Haima M31.5 Elite CVT

P699,000",Sedan,Automatic,Gasoline
"Maserati Levante350

Ask price",SUV,Automatic,Gasoline
"Maserati LevanteS 430

Ask price",SUV,Automatic,Gasoline
"Maserati LevanteDiesel 275

Ask price",SUV,Automatic,Diesel
"Porsche 718 BoxsterS PDK

Ask price",Convertible,Automatic,Gasoline
"Porsche 718 BoxsterPDK

Ask price",Convertible,Automatic,Gasoline
"Porsche 718 CaymanPDK

Ask price",Coupe,Automatic,Gasoline
"Porsche 718 CaymanS PDK

Ask price",Coupe,Automatic,Gasoline
"Suzuki Multicab/CarryPickup MT

P489,000",Pickup,Manual,Diesel
"Suzuki Multicab/CarryCarry Cargo Van

P539,000",Van,Manual,Diesel
"Suzuki Multicab/CarryUtility Van MT

P580,000",Van,Manual,Diesel
"Volvo S90D4 M/T

Ask price",Sedan,Manual,Diesel
"Volvo S90D4 A/T

Ask price",Convertible,Automatic,Diesel
"Volvo S90T4 M/T

Ask price",Sedan,Manual,Gasoline
"Volvo S90T4 A/T

Ask price",Sedan,Automatic,Gasoline
"Volvo S90T6 A/T

Ask price",Sedan,Automatic,Gasoline
"BYD S72.0 GS-i

P1,648,000",SUV,Automatic,Gasoline
"Mahindra EnforcerSingle Cab 4x2 Standard

P665,000",Pickup,Manual,Diesel
"Mahindra EnforcerSingle Cab 4x2 Floodbuster

P680,000",Pickup,Manual,Diesel
"Mahindra EnforcerDouble Cab 4x2 Standard

P725,000",Pickup,Manual,Diesel
"Mahindra EnforcerDouble Cab 4x2 Floodbuster

P740,000",Pickup,Manual,Diesel
"Mahindra EnforcerSingle Cab 4x4 Standard

P780,000",Pickup,Manual,Diesel
"Mahindra EnforcerSingle Cab 4x4 Floodbuster

P795,000",Pickup,Manual,Diesel
"Mahindra EnforcerSingle Cab 4x2 Elite

P820,000",Pickup,Manual,Diesel
"Mahindra EnforcerDouble Cab 4x4 Standard

P860,000",Pickup,Manual,Diesel
"Mahindra EnforcerDouble Cab 4x4 Floodbuster

P875,000",Pickup,Manual,Diesel
"Mahindra EnforcerDouble Cab 4x2 Elite

P895,000",Pickup,Manual,Diesel
"Suzuki Alto800 Standard

P445,000",Wagon/Hatchback,Manual,Gasoline
"Audi R85.2 V10 Plus Quattro

Ask price",Coupe,Automatic,Gasoline
"Audi A42.0 Tdi S-tronic

Ask price",Sedan,Automatic,Diesel
"Mercedes-Benz V-ClassV 220 CDI Sports Avantgarde Long

P4,390,000",Van,Automatic,Diesel
"Mercedes-Benz V-ClassV 220 CDI Sports Avantgarde Extra Long

P4,790,000",Van,Automatic,Diesel
"Mazda CX-32.0 AWD Activ AT

P1,480,000",SUV,Automatic,Gasoline
"Mazda CX-32.0 FWD 4x2 AT

P1,280,000",SUV,Automatic,Gasoline
"Mazda CX-32.0 FWD Sport AT

P1,380,000",SUV,Automatic,Gasoline
"Nissan GT-R3.8 V6 AT

P7,350,000",Coupe,Automatic,Gasoline
"Toyota Prius1.8 Hybrid AT

P2,289,000",Sedan,Automatic,Hybrid
"Toyota Prius1.8 Hybrid AT (White Pearl)

P2,304,000",Sedan,Automatic,Hybrid
"Audi A53.2 FSI Quattro

P4,480,000",Coupe,Automatic,Gasoline
"Toyota 862.0 MT

P1,993,000",Coupe,Manual,Gasoline
"Toyota 862.0 MT (White Pearl)

P2,008,000",Coupe,Manual,Gasoline
"Toyota 862.0 AT

P2,093,000",Coupe,Automatic,Gasoline
"Toyota 862.0 AT (White Pearl)

P2,109,000",Coupe,Automatic,Gasoline
"Chevrolet Trailblazer2.5 MT 4x2 LT

P1,618,888 Promo Available",SUV,Manual,Diesel
"Chevrolet Trailblazer2.8 AT 4x2 LT

P1,704,888 Promo Available",SUV,Automatic,Diesel
"Chevrolet Trailblazer2.8 AT 4x4 Z71

P1,998,888 Promo Available",SUV,Automatic,Diesel
"Chevrolet Trailblazer2.8 AT 4x2 LTX

P1,805,888 Promo Available",SUV,Automatic,Diesel
"BAIC M201.5 8-seater Comfort MT

P578,000",MPV,Manual,Gasoline
"BAIC M201.5 7-seater Ultra Luxury MT

P598,000",Van,Manual,Gasoline
"Mitsubishi PajeroGLS 3.2 4x4 AT

P3,000,000 Promo Available",SUV,Automatic,Diesel
"Nissan Sylphy1.6 MT

P908,000",Sedan,Manual,Gasoline
"Nissan Sylphy1.6 CVT

P993,000",Sedan,Automatic,Gasoline
"Nissan Sylphy1.8 CVT

P1,052,000",Sedan,Automatic,Gasoline
"Bentley MulsanneV8

Ask price",Sedan,Automatic,Gasoline
"Bentley MulsanneV8 Speed

Ask price",Sedan,Automatic,Gasoline
"Bentley MulsanneV8 Extended Wheelbase

Ask price",Sedan,Automatic,Gasoline
"Chevrolet Sail1.3 LT

P791,888",Sedan,Manual,Gasoline
"Chevrolet Sail1.5 LT

P865,888",Sedan,Automatic,Gasoline
"Chevrolet Sail1.5 LTZ

P917,888 Promo Available",Sedan,Automatic,Gasoline
"Mercedes-Benz E-ClassE 200 Exclusive

P4,390,000 Promo Available",Sedan,Automatic,Gasoline
"Mercedes-Benz E-ClassE 200 Avantgarde

P4,390,000 Promo Available",Sedan,Automatic,Gasoline
"Mercedes-Benz E-ClassE 200 AMG-Line

P4,790,000 Promo Available",Sedan,Automatic,Gasoline
"Honda Accord2.4 S Navi

P1,938,000 Promo Available",Sedan,Automatic,Gasoline
"Honda Accord3.5 SV Navi

Ask price",Sedan,Automatic,Gasoline
"Mitsubishi MirageGLX MT

P699,000 Promo Available",Wagon/Hatchback,Manual,Gasoline
"Mitsubishi MirageGLX CVT

P760,000 Promo Available",Wagon/Hatchback,Automatic,Gasoline
"Honda Civic1.8 E CVT

P1,185,000 Promo Available",Sedan,Automatic,Gasoline
"Honda Civic1.5 RS Turbo CVT

P1,608,000 Promo Available",Sedan,Automatic,Gasoline
"Honda Civic1.8 S CVT

P1,115,000 Promo Available",Sedan,Automatic,Gasoline
"Suzuki Ciaz1.4 GL MT

P823,000",Sedan,Manual,Gasoline
"Suzuki Ciaz1.4 GL AT

P873,000",Sedan,Automatic,Gasoline
"Suzuki Ciaz1.4 GLX AT

P978,000",Sedan,Automatic,Gasoline
"Ssangyong Rodius2.0 ELX 4x4 AT

P1,690,000",SUV,Automatic,Diesel
"Toyota Innova2.0 J MT Gas

P1,025,000",MPV,Manual,Gasoline
"Toyota Innova2.8 J MT Diesel

P1,133,000",MPV,Manual,Diesel
"Toyota Innova2.0 E MT Gas

P1,177,000",MPV,Manual,Gasoline
"Toyota Innova2.0 E AT Gas

P1,247,000 Promo Available",MPV,Automatic,Gasoline
"Toyota Innova2.8 E MT Diesel

P1,249,000",MPV,Manual,Diesel
"Toyota Innova2.8 E AT Diesel

P1,319,000",MPV,Automatic,Diesel
"Toyota Innova2.0 G AT Gas

P1,319,000",MPV,Automatic,Gasoline
"Toyota Innova2.8 G MT Diesel

P1,451,000",MPV,Manual,Diesel
"Toyota Innova2.8 G MT Gas White Pearl

P1,466,000",MPV,Manual,Diesel
"Toyota Innova2.8 G AT Diesel

P1,521,000",MPV,Automatic,Diesel
"Toyota Innova2.8 G AT Diesel White Pearl

P1,536,000",MPV,Automatic,Diesel
"Toyota Innova2.8 V AT Diesel

P1,679,000",MPV,Automatic,Diesel
"Toyota Innova2.8 V AT Diesel White Pearl

P1,694,000",MPV,Automatic,Diesel
"Toyota Innova2.8 Touring Sport Diesel AT

P1,390,000",MPV,Automatic,Diesel
"Toyota Innova2.8 Touring Sport Diesel MT

P1,320,000",MPV,Manual,Diesel
"MINI Clubman1.5 Cooper AT

P2,950,000",Wagon/Hatchback,Automatic,Gasoline
"MINI Clubman2.0 Cooper S AT

P3,450,000",Wagon/Hatchback,Automatic,Gasoline
"MINI Clubman2.0 JCW Clubman AT

P4,350,000",Wagon/Hatchback,Automatic,Gasoline
"BMW 7 Series730Li

P8,890,000",Sedan,Automatic,Gasoline
"BMW 7 Series740Li

P10,490,000",Sedan,Automatic,Gasoline
"Porsche 911Carrera S Cabriolet

Ask price",Convertible,Automatic,Gasoline
"Porsche 911Carrera

Ask price",Coupe,Automatic,Gasoline
"Porsche 911Carrera S

Ask price",Coupe,Automatic,Gasoline
"Mitsubishi Montero SportGLX 2.4 4x2 MT

P1,499,000 Promo Available",SUV,Manual,Diesel
"Mitsubishi Montero SportGLS 2.4 4x2 AT

P1,719,000 Promo Available",SUV,Automatic,Diesel
"Mitsubishi Montero SportGLS Premium 2.4 4x2 AT

P1,849,000 Promo Available",SUV,Automatic,Diesel
"Mitsubishi Montero SportGT 2.4 4x4 AT

P2,164,000 Promo Available",SUV,Automatic,Diesel
"Mitsubishi Montero SportGLS 2.4 4x2 AT Black Series

P1,800,000 Promo Available",SUV,Automatic,Diesel
"Mitsubishi Montero SportGLS 2.4 4x2 AT Black Series (White Pearl)

P1,815,000 Promo Available",SUV,Automatic,Diesel
"Toyota Fortuner2.4 G Diesel 4x2 MT

P1,607,000",SUV,Manual,Diesel
"Toyota Fortuner2.7 G Gas 4x2 AT

P1,612,000",SUV,Automatic,Gasoline
"Toyota Fortuner2.4 G Diesel 4x2 AT

P1,697,000",SUV,Automatic,Diesel
"Toyota Fortuner2.4 V Diesel 4x2 AT

P1,921,000",SUV,Automatic,Diesel
"Toyota Fortuner2.4 V Diesel 4x2 AT (White Pearl)

P1,936,000",SUV,Automatic,Diesel
"Toyota Fortuner2.8 V Diesel 4x4 AT

P2,260,000 Promo Available",SUV,Automatic,Diesel
"Toyota Fortuner2.8 V Diesel 4x4 AT (White Pearl)

P2,275,000",SUV,Automatic,Diesel
"Toyota Fortuner2.4 TRD 4x2 AT

P1,791,000",SUV,Automatic,Diesel
"Toyota Fortuner2.4 TRD 4x2 AT (White Pearl)

P1,806,000",SUV,Automatic,Diesel
"BMW M2M2 Coupé

P5,590,000",Coupe,Automatic,Gasoline
"Audi Q73.0 TDI

Ask price",SUV,Automatic,Diesel
"Audi Q73.0 TDI-S

Ask price",SUV,Automatic,Diesel
"Ferrari 488GTB 3.9 V8

Ask price",Coupe,Automatic,Gasoline
"Ferrari 488Spider 3.9 V8

Ask price",Convertible,Automatic,Gasoline
"TATA Super AceCab and Chassis

P579,000",Van,Manual,Diesel
"TATA Super AceDrop Side Load Body

P654,000",Van,Manual,Diesel
"TATA Super AceAluminum Body

P661,000",Van,Manual,Diesel
"TATA Super Ace""Big Boy"" Passenger Van (Single AC)

P687,000",Van,Manual,Diesel
"TATA Super Ace""Big Boy"" Passenger Van (Dual AC)

P725,000",Van,Manual,Diesel
"TATA Super AceSchool Service (Dual AC)

P834,000",Van,Manual,Diesel
"Hyundai Elantra1.6 GL AT

P1,065,000",Sedan,Automatic,Gasoline
"Hyundai Elantra1.6 GL MT

P970,000",Sedan,Manual,Gasoline
"Lexus GSGS 450h

P4,888,000",Sedan,Automatic,Gasoline
"Lexus GSGS 350 F-Sport

P5,228,000",Sedan,Automatic,Gasoline
"Lexus GSGS F

P7,678,000",Sedan,Automatic,Gasoline
"Peugeot 308GTi

Ask price",Wagon/Hatchback,Manual,Gasoline
"Peugeot 308Station Wagon Allure

P1,790,000",Wagon/Hatchback,Automatic,Diesel
"Peugeot 308Hatchback GT Line

P1,890,000",Wagon/Hatchback,Automatic,Diesel
"Mercedes-Benz GLS-Class350D 4MATIC

Ask price",SUV,Automatic,Diesel
"Mercedes-Benz GLS-Class400 4MATIC

Ask price",SUV,Automatic,Gasoline
"Mercedes-Benz GLS-ClassAMG 63

Ask price",SUV,Automatic,Gasoline
"Nissan Almera1.2 MT (Euro 4)

P657,000",Sedan,Manual,Gasoline
"Nissan Almera1.5 E MT (Euro 4)

P735,000",Sedan,Manual,Gasoline
"Nissan Almera1.5 E AT (Euro 4)

P824,000",Sedan,Automatic,Gasoline
"Nissan Almera1.5 V AT (Euro 4)

P900,000",Sedan,Automatic,Gasoline
"Nissan Almera1.5 VL AT (Euro 4)

P933,000",Sedan,Automatic,Gasoline
"Nissan Almera1.5 N-Sport AT

Ask price",Sedan,Automatic,Gasoline
"Nissan Almera1.5 N-Sport MT

Ask price",Sedan,Manual,Gasoline
"Lexus LX570

P8,548,000",SUV,Automatic,Gasoline
"Lexus RX450h

P4,948,000",SUV,Automatic,Hybrid
"Lexus RX350 Standard

P4,128,000",SUV,Automatic,Gasoline
"Lexus RX350 F Sport

P4,798,000",SUV,Automatic,Gasoline
"Audi TT2.0 TFSI

Ask price",Coupe,Automatic,Gasoline
"Toyota Land Cruiser200 4.5L AT

P4,474,000",SUV,Automatic,Diesel
"Toyota Land Cruiser200 4.5L AT White Pearl

P4,404,000",SUV,Automatic,Diesel
"Toyota Land Cruiser200 Premium 4.5L AT

P4,840,000",SUV,Automatic,Diesel
"Toyota Land Cruiser200 Premium 4.5L AT White Pearl

P4,855,000",SUV,Automatic,Diesel
"Jaguar XEPrestige

Ask price",Sedan,Automatic,Gasoline
"Jaguar XER-Sport

Ask price",Sedan,Automatic,Gasoline
"Toyota Land Cruiser Prado4.0 V6 Gas AT

P3,273,000",SUV,Automatic,Gasoline
"Toyota Land Cruiser Prado4.0 V6 Gas AT White Pearl

P3,288,000",SUV,Automatic,Gasoline
"Toyota Land Cruiser Prado3.0 Diesel MT

P3,911,000",SUV,Manual,Diesel
"Toyota Land Cruiser Prado3.0 Diesel MT White Pearl

P3,926,000",SUV,Manual,Diesel
"Toyota Land Cruiser Prado3.0 Diesel AT

P3,986,000",SUV,Automatic,Diesel
"Toyota Land Cruiser Prado3.0 Diesel AT White Pearl

P4,026,000",SUV,Automatic,Diesel
"Volkswagen Passat2.0 TSI DSG Business Edition AID

P2,759,000 Promo Available",Sedan,Automatic,Gasoline
"Mercedes-Benz CLA-ClassCLA 250

Ask price",Sedan,Automatic,Gasoline
"Mercedes-Benz CLA-ClassCLA 45 AMG 4MATIC

Ask price",Sedan,Automatic,Gasoline
"Mercedes-Benz Mercedes-AMG GTAMG GT S

Ask price",Coupe,Automatic,Gasoline
"Kia Sportage2.0L 4x2 LX AT Dsl

P1,545,000",SUV,Automatic,Diesel
"Kia Sportage2.0L 4x2 EX AT Dsl

P1,820,000",SUV,Automatic,Diesel
"Kia Sportage2.0L 4x2 LX AT Gas

P1,290,000 Promo Available",SUV,Automatic,Gasoline
"Subaru Legacy2.5i-S CVT

P1,898,000 Promo Available",Sedan,Automatic,Gasoline
"Subaru Legacy3.6R-S CVT

P2,208,000 Promo Available",Sedan,Automatic,Gasoline
"Chrysler 300/300C300C V6

P3,550,000",Sedan,Automatic,Gasoline
"Suzuki CelerioMT

P558,000 Promo Available",Wagon/Hatchback,Manual,Gasoline
"Suzuki CelerioCVT

P598,000 Promo Available",Wagon/Hatchback,Automatic,Gasoline
"Land Rover Discovery Sport2.2L SD4 HSE Diesel

Ask price",SUV,Automatic,Diesel
"Land Rover Discovery Sport2.2L SD4 SE Diesel

Ask price",SUV,Automatic,Diesel
"Land Rover Discovery Sport2.0L Si4 SE Diesel

Ask price",SUV,Automatic,Diesel
"Land Rover Discovery Sport2.2L TD4 S Diesel

Ask price",SUV,Automatic,Diesel
"Land Rover Discovery Sport2.0L Si4 S Diesel

Ask price",SUV,Automatic,Diesel
"BMW X6xDrive30d M Sport

P8,490,000",SUV,Automatic,Diesel
"Mahindra XyloE2 5-seater

P830,000",SUV,Manual,Diesel
"Mahindra XyloE2 9-seater

P895,000",SUV,Manual,Diesel
"Mahindra XyloE8

P940,000",SUV,Manual,Diesel
"Haima S51.6 Elite MT

P829,000",SUV,Manual,Gasoline
"Haima S51.6 Noble MT

P899,000",SUV,Manual,Gasoline
"Haima S51.5 Turbo Elite CVT

P979,000",SUV,Automatic,Gasoline
"Haima S51.5 Turbo Noble CVT

P1,099,000",SUV,Automatic,Gasoline
"Haima S51.6 Deluxe MT

P799,000",SUV,Manual,Gasoline
"Mazda Mazda6Sedan 2.2 SkyActiv-D AT

P2,250,000",Sedan,Automatic,Diesel
"Mazda Mazda6Sedan 2.5 SkyActiv-G AT

P2,250,000",Sedan,Automatic,Gasoline
"Mazda CX-52.0 FWD Pro

P1,680,000",SUV,Automatic,Gasoline
"Mazda CX-52.0 FWD Pro Soul Red Crystal

P1,702,400",SUV,Automatic,Gasoline
"Mazda CX-52.5 AWD Sport

P1,980,000",SUV,Automatic,Gasoline
"Mazda CX-52.5 AWD Sport Soul Red Crystal

P2,002,400",SUV,Automatic,Gasoline
"Mazda CX-52.2 AWD SkyActiv-D

P2,230,000",SUV,Automatic,Diesel
"Mazda CX-52.2 AWD Sport SkyActiv-D Soul Red Crystal

P2,252,400",SUV,Automatic,Diesel
"BMW X1xDrive20d xLine

P3,690,000",SUV,Automatic,Diesel
"Lamborghini AventadorLP 700-4

Ask price",Coupe,Manual,Gasoline
"Chevrolet Suburban5.3 4x2 LT

P4,852,888",SUV,Automatic,Gasoline
"Chevrolet Suburban5.3 4x4 LTZ

P5,338,888",SUV,Automatic,Gasoline
"Ford EverestAmbiente 2.2 4x2 MT

P1,521,000 Promo Available",SUV,Manual,Diesel
"Ford EverestAmbiente 2.2 4x2 AT

P1,581,000 Promo Available",SUV,Automatic,Diesel
"Ford EverestTitanium 2.2 4x2 AT

P1,918,000",SUV,Automatic,Diesel
"Ford EverestTitanium 3.2 4x4 Premium Package

P2,288,000",SUV,Automatic,Diesel
"Ford EverestTitanium 2.2 4x2 Premium Package AT

P2,058,000",SUV,Automatic,Diesel
"Ford EverestTrend 2.2 4x2 AT

P1,718,000",SUV,Automatic,Diesel
"Kia Carnival / Grand CarnivalGrand Carnival 2.2 LX AT 11-Seater

P1,995,000",Van,Automatic,Diesel
"Kia Carnival / Grand CarnivalGrand Carnival 2.2 EX AT 11-Seater

P2,180,000 Promo Available",Van,Automatic,Diesel
"Kia Carnival / Grand CarnivalGrand Carnival 2.2 EX AT 7-Seater

P2,295,000",Van,Automatic,Diesel
"Rolls-Royce GhostV12 AT

Ask price",Sedan,Automatic,Gasoline
"Rolls-Royce GhostExtended Wheelbase V12 AT

Ask price",Sedan,Automatic,Gasoline
"Haima FStarDouble Cab 1.2L MT

Ask price",Pickup,Manual,Gasoline
"Mitsubishi L200Cab and Chassis

P802,000",Pickup,Manual,Diesel
"Toyota Alphard3.5 AT

P3,680,000",MPV,Automatic,Gasoline
"Toyota Alphard3.5 AT (Luxury White Pearl)

P3,695,000",Van,Automatic,Gasoline
"Lamborghini HuracanLP 610-4

Ask price",Coupe,Automatic,Gasoline
"Jaguar F-TypeCoupe S

Ask price",Coupe,Automatic,Gasoline
"Jaguar F-TypeCoupe R

Ask price",Coupe,Automatic,Gasoline
"Jaguar F-TypeConvertible 3.0 V6

Ask price",Convertible,Automatic,Gasoline
"Jaguar F-TypeConvertible S

Ask price",Convertible,Automatic,Gasoline
"Jaguar F-TypeConvertible S V8

Ask price",Convertible,Automatic,Gasoline
"Honda Brio Amaze1.3 E MT

P668,000",Sedan,Manual,Gasoline
"Honda Brio Amaze1.3 S AT

P728,000",Sedan,Automatic,Gasoline
"Honda Brio Amaze1.3 V Navi AT

P848,000",Sedan,Automatic,Gasoline
"TATA Xenon4x2 MT

P830,000",Pickup,Manual,Diesel
"TATA Xenon4x4 MT

P1,135,000",Pickup,Manual,Diesel
"Mercedes-Benz C-ClassSedan C180

Ask price",Sedan,Automatic,Gasoline
"Mercedes-Benz C-ClassSedan C200

Ask price",Sedan,Automatic,Gasoline
"Mercedes-Benz C-ClassSedan C250

Ask price",Sedan,Automatic,Gasoline
"Mercedes-Benz C-ClassCoupe C250

Ask price",Coupe,Automatic,Gasoline
"Audi A3Sedan 1.8 TFSI

Ask price",Sedan,Automatic,Gasoline
"Audi A32.0 TDI Ambition

Ask price",Sedan,Automatic,Diesel
"Audi A32.0 TDI Attraction

Ask price",Sedan,Automatic,Diesel
"Audi A3Hatchback 1.8 TFSI

P2,350,000",Wagon/Hatchback,Automatic,Gasoline
"BMW M4Coupe 3.0

P9,790,000",Coupe,Automatic,Gasoline
"Porsche MacanGTS

Ask price",SUV,Automatic,Gasoline
"Porsche MacanTurbo

Ask price",Sedan,Automatic,Gasoline
"Porsche MacanS

Ask price",SUV,Automatic,Gasoline
"Porsche MacanS Diesel

Ask price",Sedan,Automatic,Diesel
"Porsche MacanPDK

Ask price",SUV,Automatic,Gasoline
"BMW M3M3 AT

P9,690,000",Sedan,Automatic,Gasoline
"MINI Cooper1.5 (3-Door) AT

P2,550,000",Wagon/Hatchback,Automatic,Gasoline
"MINI Cooper1.5 (5-Door) AT

P2,650,000",Wagon/Hatchback,Automatic,Gasoline
"MINI Cooper2.0 S (3-Door) AT

P3,000,000",Wagon/Hatchback,Automatic,Gasoline
"MINI Cooper2.0 S (5-Door) AT

P3,100,000",Wagon/Hatchback,Automatic,Gasoline
"MINI CooperJCW 2.0 S (3-Door) AT

P3,850,000",Wagon/Hatchback,Automatic,Gasoline
"MINI Cooper2.0 S AT Convertible

P3,350,000",Convertible,Automatic,Gasoline
"MINI Cooper2.0 JCW AT Convertible

P4,300,000",Convertible,Automatic,Gasoline
"Maserati Ghibli3.0L V6 330

Ask price",Sedan,Automatic,Gasoline
"Maserati GhibliS 3.0L V6 410

Ask price",Sedan,Automatic,Gasoline
"Maserati GhibliSQ4 3.0L V6 AWD

Ask price",Sedan,Automatic,Gasoline
"Maserati GhibliDiesel 3.0L V6

Ask price",Sedan,Automatic,Diesel
"Mazda Mazda3Hatchback 1.5 SkyActiv V AT

P1,110,000",Wagon/Hatchback,Automatic,Gasoline
"Mazda Mazda3Hatchback 1.5 SkyActiv V AT Soul Red

P1,126,800",Wagon/Hatchback,Automatic,Gasoline
"Mazda Mazda3Hatchback 1.5 SkyActiv V AT Soul Red Crystal

P1,132,400",Wagon/Hatchback,Automatic,Gasoline
"Mazda Mazda3Hatchback 2.0 SkyActiv R AT

P1,300,000",Wagon/Hatchback,Automatic,Gasoline
"Mazda Mazda3Hatchback 2.0 SkyActiv R AT Soul Red

P1,316,800",Wagon/Hatchback,Automatic,Gasoline
"Mazda Mazda3Hatchback 2.0 SkyActiv R AT Soul Red Crystal

P1,322,400",Wagon/Hatchback,Automatic,Gasoline
"Mazda Mazda3Hatchback 2.0 SkyActiv SPEED AT

P1,490,000",Wagon/Hatchback,Automatic,Gasoline
"Mazda Mazda3Hatchback 2.0 SkyActiv SPEED AT Soul Red

P1,506,800",Wagon/Hatchback,Automatic,Gasoline
"Mazda Mazda3Hatchback 2.0 SkyActiv SPEED AT Soul Red Crystal

P1,512,400",Wagon/Hatchback,Automatic,Gasoline
"Mazda Mazda3Sedan 1.5 SkyActiv V AT

P1,090,000",Sedan,Automatic,Gasoline
"Mazda Mazda3Sedan 1.5 SkyActiv V AT Soul Red

P1,106,800",Sedan,Automatic,Gasoline
"Mazda Mazda3Sedan 1.5 SkyActiv V AT Soul Red Crystal

P1,112,400",Sedan,Automatic,Gasoline
"Mazda Mazda3Sedan 2.0 SkyActiv R AT

P1,280,000",Sedan,Automatic,Gasoline
"Mazda Mazda3Sedan 2.0 SkyActiv R AT Soul Red

P1,286,800",Sedan,Automatic,Gasoline
"Mazda Mazda3Sedan 2.0 SkyActiv R AT Soul Red Crystal

P1,302,400",Sedan,Automatic,Gasoline
"Subaru WRX2.0 CVT

P2,008,000 Promo Available",Sedan,Automatic,Gasoline
"Subaru WRX2.0 MT

P1,930,000 Promo Available",SUV,Manual,Gasoline
"Subaru WRX STI2.5 MT

P2,748,000",Sedan,Manual,Gasoline
"Mazda Mazda2Hatchback 1.5 SkyActiv AT Midnight Edition

P1,085,000",Wagon/Hatchback,Automatic,Gasoline
"Mazda Mazda2Sedan 1.5 SkyActiv S MT

P850,000",Sedan,Manual,Gasoline
"Mazda Mazda2Hatchback 1.5 SkyActiv V+ AT

P965,000",Wagon/Hatchback,Automatic,Gasoline
"Mazda Mazda2Sedan 1.5 SkyActiv R AT (Soul Red)

P1,071,800",Sedan,Automatic,Gasoline
"Mazda Mazda2Sedan 1.5 SkyActiv V+ AT

P975,000",Sedan,Automatic,Gasoline
"Mazda Mazda2Sedan 1.5 SkyActiv R AT

P1,055,000",Sedan,Automatic,Gasoline
"Mazda Mazda2Sedan 1.5 SkyActiv V+ AT Soul Red

P991,800",Sedan,Automatic,Gasoline
"Mazda Mazda2Sedan 1.5 SkyActiv R AT (Soul Red Crystal)

P1,077,400",Sedan,Automatic,Gasoline
"Mazda Mazda21.5 SkyActiv V+ AT (Soul Red Crystal)

P997,400",Sedan,Automatic,Gasoline
"Toyota Wigo1.0 E MT

P557,000 Promo Available",Wagon/Hatchback,Manual,Gasoline
"Toyota Wigo1.0 G MT

P596,000",Wagon/Hatchback,Manual,Gasoline
"Toyota Wigo1.0 G AT

P631,000",Wagon/Hatchback,Automatic,Gasoline
"Toyota Wigo1.0 TRD AT

P696,000",Wagon/Hatchback,Automatic,Gasoline
"BMW 4 SeriesGran Coupe 420d

P4,590,000",Coupe,Automatic,Diesel
"Hyundai H1002.6 GL Shuttle Body 5MT (w/o AC)

P870,000",Pickup,Manual,Diesel
"Hyundai H1002.6 GL Shuttle Body 5MT (w/ Front AC)

P900,000",Pickup,Manual,Diesel
"Hyundai H1002.6 GL Jeepney Body 5MT (w/o AC)

P790,000",Pickup,Manual,Diesel
"Hyundai H1002.5 CRDi GL Jeepney Body 6MT (w/o AC)

P950,000",Pickup,Manual,Diesel
"Hyundai H1002.5 CRDi GL Shuttle Body 6MT (w/o AC)

P1,055,000",Pickup,Manual,Diesel
"Hyundai H1002.5 CRDi GL Shuttle Body 6MT (w/ Front AC)

P1,095,000",Pickup,Manual,Diesel
"Toyota Corolla / Corolla Altis1.6 E MT

P961,000 Promo Available",Sedan,Manual,Gasoline
"Toyota Corolla / Corolla Altis1.6 G MT

P977,000 Promo Available",Sedan,Manual,Gasoline
"Toyota Corolla / Corolla Altis1.6 G AT

P1,053,000 Promo Available",Sedan,Automatic,Gasoline
"Toyota Corolla / Corolla Altis1.6 V AT

P1,131,000 Promo Available",Sedan,Automatic,Gasoline
"Toyota Corolla / Corolla Altis1.6 V AT White Pearl

P1,146,000 Promo Available",Sedan,Automatic,Gasoline
"Toyota Corolla / Corolla Altis2.0 V AT

P1,477,000 Promo Available",Sedan,Automatic,Gasoline
"Toyota Corolla / Corolla Altis2.0 V AT White Pearl

P1,492,000 Promo Available",Sedan,Automatic,Gasoline
"Mercedes-Benz S-ClassS 350 LWB

P9,200,000 Promo Available",Sedan,Automatic,Gasoline
"Mercedes-Benz S-ClassS 500 LWB

P11,300,000 Promo Available",Sedan,Automatic,Gasoline
"Mercedes-Benz S-ClassS 400 Blue Hybrid

Ask price",Sedan,Automatic,Gasoline
"Lexus GX460

P5,528,000",SUV,Automatic,Gasoline
"Mitsubishi Mirage G4GLX 1.2 MT

P735,000 Promo Available",Sedan,Manual,Gasoline
"Mitsubishi Mirage G4GLX 1.2 CVT

P785,000 Promo Available",Sedan,Automatic,Gasoline
"Mitsubishi Mirage G4GLS 1.2 CVT

P839,000 Promo Available",Sedan,Automatic,Gasoline
"Toyota FJ Cruiser4.0 V6

P2,048,000",SUV,Automatic,Gasoline
"Maserati QuattroporteSQ4 3.0L V6 410

Ask price",Sedan,Automatic,Gasoline
"Maserati QuattroporteGTS 3.8L V8 530

Ask price",Sedan,Automatic,Gasoline
"Maserati QuattroporteDiesel 3.0L V6

Ask price",Sedan,Automatic,Diesel
"Maserati QuattroporteS 3.0L V6 410

Ask price",Sedan,Automatic,Gasoline
"Ford FiestaHatchback 1.5 Trend MT

P755,000",Wagon/Hatchback,Manual,Gasoline
"Isuzu ForwardFRR 90

Ask price",Truck,Manual,Diesel
"Isuzu ForwardFSR 34

Ask price",Truck,Manual,Diesel
"Isuzu ForwardFVR 34

Ask price",Truck,Manual,Diesel
"Isuzu ForwardFVM34 T Blue Power

Ask price",Truck,Manual,Diesel
"Isuzu ForwardFVM34 W Blue Power

Ask price",Truck,Manual,Diesel
"Isuzu ForwardFVR34 Q Blue Power

Ask price",Truck,Manual,Diesel
"Isuzu ForwardFSR34 N Blue Power

Ask price",Truck,Manual,Diesel
"Isuzu ForwardFRR90 M Blue Power

Ask price",Truck,Manual,Diesel
"Isuzu ForwardFVM 34 Extended Chassis

Ask price",Truck,Manual,Diesel
"Isuzu ForwardFVM 34

Ask price",Truck,Manual,Diesel
"Rolls-Royce PhantomV12 AT

Ask price",Sedan,Automatic,Gasoline
"Rolls-Royce PhantomExtended Wheelbase V12 AT

Ask price",Sedan,Automatic,Gasoline
"Lexus IS350

P2,838,000",Sedan,Automatic,Gasoline
"Lexus IS350 F-Sport

P3,378,000",Sedan,Automatic,Gasoline
"Land Rover Range RoverSDV8

Ask price",SUV,Automatic,Diesel
"Land Rover Range RoverS/C V8

Ask price",SUV,Automatic,Gasoline
"Land Rover Range RoverHSE TDV6

Ask price",SUV,Automatic,Diesel
"Land Rover Range RoverVogue SDV8

Ask price",SUV,Automatic,Diesel
"Bentley Continental Flying SpurW12

Ask price",Sedan,Automatic,Gasoline
"Bentley Continental Flying SpurV8

Ask price",Sedan,Automatic,Gasoline
"Jaguar XF2.0 Prestige

Ask price",Sedan,Automatic,Gasoline
"Jaguar XF2.0 R-Sport

Ask price",Sedan,Automatic,Gasoline
"Volvo V40T4 R-Design

Ask price",Wagon/Hatchback,Automatic,Gasoline
"Volvo V60T5 8-Speed Geartronic

Ask price",Wagon/Hatchback,Automatic,Gasoline
"Mercedes-Benz B-ClassB 180

Ask price",Wagon/Hatchback,Automatic,Gasoline
"Mercedes-Benz B-ClassB 200 BlueEFFIECEINCY AT

Ask price",Wagon/Hatchback,Automatic,Gasoline
"Mercedes-Benz B-ClassB 200 BlueEFFIECEINCY MT

Ask price",Wagon/Hatchback,Manual,Gasoline
"Mercedes-Benz B-ClassB 250 BlueEFFIECEINCY AT

Ask price",Wagon/Hatchback,Automatic,Gasoline
"Jeep Grand Cherokee3.0 Limited CRD

P4,350,000",SUV,Automatic,Diesel
"Jeep Grand Cherokee3.6 Summit

P4,550,000",SUV,Automatic,Gasoline
"Jeep CherokeeLimited

P2,890,000",SUV,Automatic,Gasoline
"Jeep CherokeeTrailhawk

P2,990,000",SUV,Automatic,Gasoline
"Subaru BRZ2.0 AT

P2,058,000 Promo Available",Coupe,Automatic,Gasoline
"BMW 3 Series318d Luxury

P3,550,000",Sedan,Automatic,Diesel
"BMW 3 Series320d M Sport

P4,090,000",Sedan,Automatic,Diesel
"BMW 3 SeriesGran Turismo 320d

P4,290,000",Sedan,Manual,Diesel
"BMW 3 SeriesSedan M3

P9,690,000",Sedan,Automatic,Gasoline
"Hyundai Eon0.8 GLX MT

P508,000",Wagon/Hatchback,Manual,Gasoline
"Hyundai Eon0.8 GLX NAVI MT

P526,000",Wagon/Hatchback,Manual,Gasoline
"Foton Thunder4x2 MT

P988,000",Pickup,Manual,Diesel
"Foton Thunder4x4 MT

P1,248,000",Pickup,Manual,Diesel
"Foton ThunderE

P840,000",Pickup,Manual,Diesel
"Foton Thunder4x2 AT

P1,098,000 Promo Available",Pickup,Automatic,Diesel
"Toyota Prius CC Full Option AT

P1,887,000",Wagon/Hatchback,Automatic,Hybrid
"Mercedes-Benz SL-ClassSL 350

Ask price",Convertible,Automatic,Gasoline
"Mercedes-Benz SL-ClassSL 600

Ask price",Convertible,Automatic,Gasoline
"Mercedes-Benz SL-ClassSL 63 AMG

Ask price",Convertible,Automatic,Gasoline
"Audi A61.8 Turbo FSI S-Tronic

Ask price",Sedan,Manual,Gasoline
"Audi A63.0 Quattro TDI

Ask price",Sedan,Automatic,Diesel
"Dodge DurangoCitadel

P3,380,000",SUV,Automatic,Gasoline
"Dodge DurangoLimited

P3,080,000",SUV,Automatic,Gasoline
"Jaguar XJ3.0 V6

Ask price",Sedan,Automatic,Diesel
"Jaguar XJ2.0 Premium Luxury LWB

Ask price",Sedan,Automatic,Gasoline
"Jaguar XJ2.0 Premium Luxury SWB

Ask price",Sedan,Automatic,Gasoline
"Foton Tornado2E E3 Turbo Dropside

P755,000",Truck,Manual,Diesel
"Foton Tornado2 E3 Double Cab

P775,000",Truck,Manual,Diesel
"Foton Tornado2E E3 Turbo F-Van

P815,000",Truck,Manual,Diesel
"Foton Tornado2E E3 Turbo MPV

P855,000",Truck,Manual,Diesel
"Foton Tornado2.2C Dropside

P870,000",Truck,Manual,Diesel
"Foton Tornado3.5C Dropside

P890,000",Truck,Manual,Diesel
"Foton Tornado2.2C F-Van Plain

P935,000",Truck,Manual,Diesel
"Foton Tornado3.5C F-Van Plain

P975,000",Truck,Manual,Diesel
"Foton Tornado2.2C MPV

P985,000",Truck,Manual,Diesel
"Foton Tornado4.5C Dropside

P1,030,000",Truck,Manual,Diesel
"Foton Tornado4.5C F-Van Plain

P1,120,000",Truck,Manual,Diesel
"Foton Tornado3.5C Power Tailgate 1.5

P1,145,000",Truck,Manual,Diesel
"Foton Tornado2.2C Ref Van

P1,280,000",Truck,Manual,Diesel
"Foton Tornado3.5 Self-Loader

P1,625,000",Truck,Manual,Diesel
"Foton Tornado4.5C Telescopic Crane

P1,690,000",Truck,Manual,Diesel
"Chevrolet Cruze1.8 L MT

P858,888",Sedan,Manual,Gasoline
"Chevrolet Cruze1.8 LS AT

P963,888",Sedan,Automatic,Gasoline
"Chevrolet Cruze1.8 LT AT

P1,103,888",Sedan,Automatic,Gasoline
"Suzuki APV1.6 GA

P588,000",Van,Manual,Gasoline
"Suzuki APV1.6 GLX

P808,000",Van,Manual,Gasoline
"Suzuki APVUtility Van

P660,000",Van,Manual,Gasoline
"Audi A73.0 TFSI Quattro

Ask price",Sedan,Automatic,Gasoline
"BMW X3xDrive20d xLine

P4,390,000",SUV,Automatic,Diesel
"BMW X3xDrive20d M Sport

P4,590,000",SUV,Automatic,Diesel
"Ford FocusHatchback 1.5 EcoBoost Sport AT

P1,088,000",Wagon/Hatchback,Automatic,Gasoline
"Ford FocusHatchback 1.5 EcoBoost Sport+ AT

P1,278,000",Wagon/Hatchback,Automatic,Gasoline
"Ford FocusSedan 1.5 EcoBoost Titanium AT

P1,088,000",Sedan,Automatic,Gasoline
"Ford FocusSedan 1.5 EcoBoost Titanium+ AT

P1,278,000",Sedan,Automatic,Gasoline
"Land Rover DiscoveryDiscovery 4 SDV6 Diesel

Ask price",SUV,Automatic,Diesel
"Mercedes-Benz CLS-ClassCLS 350 BlueEFFICIENCY

Ask price",Sedan,Automatic,Gasoline
"Mercedes-Benz CLS-ClassCLS 63 AMG

Ask price",Sedan,Automatic,Gasoline
"LOTUS Elise20th Edition

Ask price",Coupe,Manual,Gasoline
"LOTUS Elise250 Cup 1.8 MT

Ask price",Coupe,Manual,Gasoline
"LOTUS ExigeV6 Cup

Ask price",Coupe,Manual,Gasoline
"LOTUS ExigeS Roadster MT

Ask price",Convertible,Manual,Gasoline
"LOTUS ExigeS Roadster AT

Ask price",Convertible,Automatic,Gasoline
"LOTUS ExigeS Coupe MT

Ask price",Coupe,Manual,Gasoline
"LOTUS ExigeS Coupe AT

Ask price",Coupe,Automatic,Gasoline
"TATA IndigoLX

P535,000",Sedan,Manual,Diesel
"LOTUS Evora400 MT

Ask price",Coupe,Manual,Gasoline
"LOTUS Evora400 AT

Ask price",Coupe,Automatic,Gasoline
"LOTUS EvoraSport 410 MT

Ask price",Coupe,Manual,Gasoline
"Mahindra ScorpioGLX

P965,000",SUV,Manual,Diesel
"Mahindra ScorpioFloodbuster

P975,000",SUV,Manual,Diesel
"Volkswagen Santana1.4 MPI Trendline MT

P686,000",Sedan,Manual,Gasoline
"Volkswagen Santana1.5 MPI AT S

P898,000",Sedan,Automatic,Gasoline
"Volkswagen Santana1.5 MPI AT SE

P962,000",Sedan,Automatic,Gasoline
"Kia Stinger3.3 V6 GT

P3,250,000",Sedan,Automatic,Gasoline
